0.0, 379409.82, 6674482.37, 2.8455848029974016, 0.0
0.0, 379410.09, 6674482.2, -0.6056292504126799, 0.0
0.1240000000000015, 379410.5015134361, 6674481.915685457, -0.6037258564650959, 0.5001781097466614
0.23100000000000456, 379410.9132716123, 6674481.632140671, -0.6024193559984277, 1.00012058322884
0.32959999999999634, 379411.32591768226, 6674481.348712638, -0.6012933275600286, 1.5007284689402531
0.423599999999986, 379411.73820991843, 6674481.066196644, -0.6001934830713956, 2.0005286291394087
0.5157999999999758, 379412.1508240806, 6674480.784145154, -0.5990158066782217, 2.5003321089938773
0.6083999999999656, 379412.5639510113, 6674480.502506025, -0.5976541956920779, 3.0003266072402743
0.7035999999999552, 379412.97740890057, 6674480.2215572875, -0.5959542311886998, 3.5002062720770146
0.804399999999944, 379413.39142024226, 6674479.941430101, -0.5936210832519385, 4.000083001050495
0.9159999999999318, 379413.8068046938, 6674479.662136864, -0.5899268591491728, 4.500631935969637
0.0, 379414.08, 6674479.48, -0.5857324972059322, 0.0
0.06399999999999978, 379414.4970906929, 6674479.2034723135, -0.5852288147871075, 0.5004320263768522
0.12220000000000145, 379414.91473969416, 6674478.926798996, -0.5849609782427209, 1.0014098847244706
0.176200000000003, 379415.33052738727, 6674478.651474654, -0.584830429590918, 1.500091044693357
0.22760000000000447, 379415.74792943697, 6674478.375131004, -0.5847903821425041, 2.0006809807958392
0.27700000000000213, 379416.1657988358, 6674478.098480797, -0.5848181611646835, 2.5018298320206833
0.32479999999999687, 379416.58287951205, 6674477.822319112, -0.584901037971296, 3.0020513501744936
0.37139999999999174, 379416.9989508566, 6674477.546761465, -0.5850321803476223, 3.5010978216517223
0.41739999999998667, 379417.4163624647, 6674477.270223421, -0.5852098348505465, 4.001803065415494
0.46279999999998167, 379417.8324946429, 6674476.994412987, -0.5854332433888805, 4.501039869452264
0.5079999999999767, 379418.2485993204, 6674476.718472462, -0.5857057375641067, 5.000325636551129
0.5533999999999717, 379418.6660540643, 6674476.441456434, -0.5860339752623527, 5.501330970964779
0.5989999999999667, 379419.08252380224, 6674476.164878822, -0.5864248256311017, 6.00127318910325
0.6451999999999616, 379419.4991896588, 6674475.887914075, -0.586891980825989, 6.5015929986629475
0.6921999999999564, 379419.91510828753, 6674475.611138768, -0.5874528598733931, 7.001185715632892
0.7403999999999511, 379420.33063213126, 6674475.334255017, -0.588135170569172, 7.500509944465748
0.7903999999999456, 379420.7469507914, 6674475.056383952, -0.5889836268766123, 8.001043231045372
0.8425999999999398, 379421.16228512843, 6674474.778595068, -0.5900632058293841, 8.500712421405431
0.8979999999999337, 379421.57764188445, 6674474.500043552, -0.5914951712398732, 9.000824632788927
0.9577999999999272, 379421.9918373584, 6674474.22125264, -0.5935034310811945, 9.50010646394137
0.0, 379422.26, 6674474.04, -0.5953318079525912, 0.0
0.050399999999999806, 379422.67405553214, 6674473.75942971, -0.5957349270710592, 0.5001616485935801
0.09700000000000072, 379423.0887252269, 6674473.4782317765, -0.5960394873102141, 1.0011838391741061
0.14060000000000197, 379423.5015106666, 6674473.198147972, -0.5962824989752108, 1.500021245525735
0.18220000000000316, 379423.9152851641, 6674472.917258766, -0.596486466229662, 2.0001293158238944
0.2222000000000043, 379424.32936204557, 6674472.63604963, -0.5966631305997271, 2.500667268708668
0.2610000000000039, 379424.74428700516, 6674472.354163595, -0.5968205098608426, 3.0022871045067685
0.29859999999999975, 379425.15710337955, 6674472.073619846, -0.5969629133353025, 3.5014084866251673
0.3353999999999957, 379425.569740991, 6674471.793114967, -0.5970949436918789, 4.000360173851463
0.3717999999999917, 379425.9847272473, 6674471.510935566, -0.5972202329658847, 4.50219561226154
0.40759999999998775, 379426.3980328593, 6674471.229825052, -0.5973398398329551, 5.002040238376885
0.44299999999998385, 379426.810337372, 6674470.949324462, -0.5974559090954107, 5.500714072565177
0.47839999999997995, 379427.2248447964, 6674470.667255166, -0.5975710050238928, 6.002091667503449
0.5135999999999761, 379427.6378206051, 6674470.38615879, -0.5976856385013273, 6.501655668568868
0.5487999999999722, 379428.05023678683, 6674470.105373823, -0.5978016012971332, 7.000581820568454
0.5841999999999683, 379428.46305259306, 6674469.824245836, -0.5979207477945128, 7.500031353032703
0.6199999999999644, 379428.87713600864, 6674469.542180897, -0.5980451064968341, 8.00105600826623
0.6561999999999604, 379429.2909123948, 6674469.260247813, -0.5981762677392557, 8.501752684954406
0.6927999999999563, 379429.7027079473, 6674468.979582822, -0.5983161165137573, 9.000098362591102
0.7303999999999522, 379430.117286691, 6674468.696932077, -0.5984694745639946, 9.501862229963127
0.768799999999948, 379430.53011416097, 6674468.415377939, -0.5986389229095411, 10.001561392823003
0.8083999999999436, 379430.9427906119, 6674468.133817885, -0.5988308504057607, 10.501139132458478
0.8495999999999391, 379431.356004355, 6674467.851766031, -0.5990541550924138, 11.00143789000429
0.8927999999999343, 379431.7692450556, 6674467.569547869, -0.5993218497253178, 11.501852687027528
0.9385999999999293, 379432.1821933317, 6674467.287348704, -0.599655602660808, 12.00201531026681
0.9877999999999239, 379432.5935740622, 6674467.005990514, -0.6000935406910906, 12.500409271833833
0.0, 379432.69, 6674466.94, -0.6002187296445805, 0.0
0.045799999999999834, 379433.1047457184, 6674466.657002222, -0.5975021658920385, 0.5020975084713813
0.08800000000000047, 379433.5168615395, 6674466.37716948, -0.5956069201947569, 1.0002399455818252
0.1280000000000016, 379433.9315246889, 6674466.096590377, -0.5942194851463195, 1.5009096972112455
0.1662000000000027, 379434.34722240607, 6674465.81603663, -0.5931913183502273, 2.0024224279738707
0.20280000000000376, 379434.7616883495, 6674465.536849218, -0.5924319840116166, 2.5021499950066253
0.23820000000000477, 379435.1759578843, 6674465.258187081, -0.5918776352261825, 3.0014213048514877
0.2728000000000026, 379435.59205601487, 6674464.978578977, -0.5914864956711762, 3.5027379203612754
0.3063999999999989, 379436.0053038127, 6674464.701077639, -0.5912352814752461, 4.000513709631817
0.33959999999999524, 379436.4211746233, 6674464.421930255, -0.5911018568619705, 4.501384744294954
0.37219999999999165, 379436.8355568481, 6674464.143829566, -0.5910753716247737, 5.000436466490718
0.4045999999999881, 379437.25208404375, 6674463.864275278, -0.5911475145780148, 5.502079272919601
0.43659999999998456, 379437.6668664813, 6674463.585820324, -0.5913129135096158, 6.001660730115293
0.46839999999998105, 379438.08124044375, 6674463.307512722, -0.5915694158334852, 6.500820928191315
0.5001999999999776, 379438.49664138607, 6674463.028332856, -0.5919187339950599, 7.00132002234514
0.531999999999974, 379438.9119216249, 6674462.748994953, -0.592363329732073, 7.501807129774154
0.5637999999999705, 379439.32593347743, 6674462.47021325, -0.5929072154485318, 8.000931420864253
0.595799999999967, 379439.74010783876, 6674462.190962156, -0.5935605031221869, 8.500452775705345
0.6281999999999635, 379440.1557703019, 6674461.910275694, -0.5943381392258481, 9.002010535123638
0.6607999999999599, 379440.5690295287, 6674461.630704691, -0.5952489326496134, 9.500952567464536
0.6939999999999562, 379440.98349591985, 6674461.349718532, -0.5963225246355137, 10.00168766216913
0.7277999999999525, 379441.39747773414, 6674461.068356256, -0.5975850499802788, 10.502233070644444
0.7621999999999487, 379441.80913142266, 6674460.787751119, -0.5990697277425021, 11.000427859796863
0.7977999999999448, 379442.22332769784, 6674460.504424442, -0.6008516274756358, 11.502257140393072
0.8343999999999407, 379442.63495190704, 6674460.221675773, -0.602990375125769, 12.001638151302712
0.8723999999999366, 379443.0452225668, 6674459.938425772, -0.6056075586622118, 12.500188769739568
0.9123999999999322, 379443.45614062314, 6674459.652943308, -0.6089027180884276, 13.000542756440657
0.9547999999999275, 379443.8657566433, 6674459.366082922, -0.613170063409121, 13.50061729482801
0.0, 379444.27, 6674459.08, -0.6188937529214468, 0.0
0.04839999999999982, 379444.67844982224, 6674458.7883899305, -0.6211045491940043, 0.5018643166104751
0.09300000000000061, 379445.0846167064, 6674458.497126721, -0.6230939894427415, 1.0016701562845278
0.1350000000000018, 379445.4905037201, 6674458.204878554, -0.6249692341228594, 1.5018234650865818
0.17500000000000296, 379445.8958620229, 6674457.911875784, -0.6267854807230535, 2.0019894827075744
0.21340000000000406, 379446.3002524667, 6674457.618461795, -0.6285781848337216, 2.5016128077744675
0.25060000000000504, 379446.70444680395, 6674457.324081571, -0.6303781832982367, 3.001645652910827
0.28680000000000105, 379447.1078840098, 6674457.029132669, -0.6322050118613181, 3.501402096846772
0.32219999999999716, 379447.5105199317, 6674456.733626131, -0.6340776431522697, 4.0008416551611425
0.3569999999999933, 379447.9127121693, 6674456.4372653775, -0.6360157828068809, 4.50042985588452
0.39139999999998953, 379448.31511925557, 6674456.139515061, -0.6380409684757293, 5.001016311672723
0.4253999999999858, 379448.7162435396, 6674455.8414252335, -0.6401647520766214, 5.500774583523993
0.45919999999998207, 379449.1170572734, 6674455.542205051, -0.6424130401994976, 6.000959021942098
0.49299999999997834, 379449.51862764196, 6674455.240964331, -0.6448164859620528, 6.5029598720107815
0.5265999999999746, 379449.9173018754, 6674454.940347346, -0.6473803677597262, 7.002271250545161
0.5601999999999709, 379450.3141940322, 6674454.639414753, -0.6501422932480431, 7.500351532353998
0.5941999999999672, 379450.71270822734, 6674454.335434824, -0.6531670381625831, 8.001567605669074
0.6283999999999634, 379451.10910211573, 6674454.031084195, -0.656476900937554, 8.501325195210647
0.6629999999999596, 379451.5042197551, 6674453.7255215915, -0.6601398776818521, 9.000811663779954
0.6981999999999557, 379451.89867088036, 6674453.418024196, -0.6642430243133711, 9.50095833124538
0.7341999999999518, 379452.29274078185, 6674453.108046212, -0.6688997387422976, 10.002334329644329
0.7709999999999477, 379452.6841961576, 6674452.796956927, -0.6742299298353599, 10.50234877567909
0.8087999999999436, 379453.072591312, 6674452.484643317, -0.6804255202443148, 11.000737560107433
0.8481999999999392, 379453.4607301066, 6674452.168184678, -0.6878331586145169, 11.501535861964047
0.8893999999999347, 379453.8461944592, 6674451.848623343, -0.6968749811049147, 12.002239286066539
0.9327999999999299, 379454.22715593816, 6674451.526229208, -0.7082429091794998, 12.501310725757705
0.9793999999999248, 379454.60450288624, 6674451.198345987, -0.7232672106706718, 13.001213525887305
0.0, 379454.76, 6674451.06, -0.7311184239023042, 0.0
0.04939999999999981, 379455.1315126727, 6674450.724417013, -0.7375886697186729, 0.5006380693315189
0.09500000000000067, 379455.5012217584, 6674450.387043246, -0.7414793153158686, 1.0011439950443513
0.1378000000000019, 379455.8694346239, 6674450.04899111, -0.7437390605618014, 1.501004042583773
0.17860000000000306, 379456.23771605355, 6674449.70974387, -0.7448704638750334, 2.0017234529763943
0.21780000000000418, 379456.6058280814, 6674449.370183612, -0.7451527795957931, 2.502530437556155
0.2556000000000045, 379456.97260729724, 6674449.031898163, -0.7447595924305193, 3.0014934036518013
0.29240000000000044, 379457.33952058386, 6674448.6939532785, -0.7437981557235858, 3.5003241608794577
0.32859999999999645, 379457.70869706094, 6674448.354756568, -0.7423234467162471, 4.001668080307171
0.36399999999999255, 379458.0764751626, 6674448.018001383, -0.740386904384685, 4.500331157052637
0.3991999999999887, 379458.4476942283, 6674447.679575338, -0.7379779379659525, 5.002661630836942
0.43379999999998486, 379458.8168870407, 6674447.344768464, -0.735132019433301, 5.501058203384839
0.46839999999998105, 379459.18929943576, 6674447.009132524, -0.7317949707823878, 6.0023991145595925
0.5027999999999773, 379459.56172307, 6674446.67589554, -0.7279643145963676, 6.502145606471744
0.5371999999999735, 379459.93528149236, 6674446.34439067, -0.7235867592629462, 7.001587066648513
0.5717999999999697, 379460.3111246808, 6674446.013991412, -0.7185855160389786, 7.502009182291171
0.6065999999999658, 379460.6882067922, 6674445.6860561855, -0.7128903285853734, 8.00174221713872
0.641799999999962, 379461.06759345206, 6674445.360156339, -0.7063742925861025, 8.501888028341227
0.677399999999958, 379461.44810258946, 6674445.037877152, -0.6989127300678111, 9.000538437869935
0.713799999999954, 379461.8326725557, 6674444.7174346, -0.690247395661142, 9.501117157667075
0.7509999999999499, 379462.219754371, 6674444.400991135, -0.6801357669654955, 10.001088082886284
0.7891999999999457, 379462.6096465791, 6674444.089334194, -0.6681942289967757, 10.500236298105373
0.8287999999999414, 379463.00422316144, 6674443.782319469, -0.6538124327239037, 11.000189318580054
0.8701999999999368, 379463.404609841, 6674443.480916597, -0.6360979925483322, 11.501347717721144
0.913599999999932, 379463.809117995, 6674443.188812386, -0.6138134422087482, 12.000308633666322
0.9599999999999269, 379464.22207010485, 6674442.906376375, -0.5844832208569566, 12.500625965097594
0.0, 379464.56, 6674442.69, -0.5530948400077835, 0.0
0.04859999999999982, 379464.9877901068, 6674442.428529941, -0.5445506984781964, 0.5013706120437679
0.09340000000000062, 379465.41605988186, 6674442.171168675, -0.5378946054267674, 1.0010212306152348
0.13560000000000183, 379465.84640045534, 6674441.916092658, -0.5323707491841914, 1.5012785828258313
0.17580000000000298, 379466.27823255083, 6674441.663115023, -0.5275923603632663, 2.001755474214398
0.2144000000000041, 379466.7108726515, 6674441.4122758685, -0.5233265955250942, 2.5018535814284752
0.2518000000000049, 379467.14499263826, 6674441.162940048, -0.5194101411947918, 3.002482021026928
0.2880000000000009, 379467.5774706466, 6674440.9167139195, -0.5157603974250965, 3.5001413509127586
0.323599999999997, 379468.0129740548, 6674440.670820253, -0.5122575398226433, 4.000268504135749
0.35859999999999315, 379468.44948441326, 6674440.4263386475, -0.50885666027942, 4.5005811959625825
0.39319999999998934, 379468.88769369555, 6674440.1828443445, -0.5055010444406045, 5.001896552176507
0.42739999999998557, 379469.3259762665, 6674439.941224843, -0.5021582385548484, 5.502368158313133
0.46119999999998185, 379469.76280592196, 6674439.702309696, -0.49879877839517806, 6.000264561700311
0.4951999999999781, 379470.20456142066, 6674439.4626533175, -0.49533300539551267, 6.502841275364665
0.5289999999999744, 379470.64471576316, 6674439.225861856, -0.4917703093405, 7.002647543512792
0.5627999999999707, 379471.0845386165, 6674438.991305622, -0.4880572476221025, 7.501106222145233
0.5969999999999669, 379471.5278768371, 6674438.757048529, -0.48410990146146227, 8.002529686010778
0.6313999999999631, 379471.97071292915, 6674438.525358194, -0.47990367036596565, 8.502314223445179
0.6661999999999593, 379472.4141179072, 6674438.295832381, -0.4753575737898645, 9.001604221760967
0.7015999999999554, 379472.8589564097, 6674438.068241269, -0.47037143121377095, 9.501283643194977
0.7377999999999514, 379473.3057941327, 6674437.8425839925, -0.4648176439527209, 10.001869101323184
0.7747999999999473, 379473.7524111515, 6674437.6203287775, -0.458564650088561, 10.500732762268427
0.8129999999999431, 379474.2009774338, 6674437.400844187, -0.4513603093437276, 11.000118657865675
0.8527999999999387, 379474.65274572966, 6674437.184156723, -0.4428494409379647, 11.501167121616705
0.8943999999999341, 379475.10563139874, 6674436.972116432, -0.4325643128712769, 12.001235831446156
0.9383999999999293, 379475.56046467286, 6674436.765507857, -0.4196709551306037, 12.50079949967358
0.9857999999999241, 379476.0193391118, 6674436.565200115, -0.40263635851591867, 13.001493998504724
0.0, 379476.15, 6674436.51, -0.3967133392878693, 0.0
0.04799999999999982, 379476.61308485136, 6674436.318167188, -0.38932985812748705, 0.5012469877788218
0.09220000000000059, 379477.0751355581, 6674436.129941493, -0.3847091162799651, 1.0001660285915726
0.13400000000000178, 379477.5402856486, 6674435.9424583325, -0.3818115309351537, 1.5016784590749928
0.17360000000000292, 379478.0035083848, 6674435.756963076, -0.3801395866272845, 2.0006612759351516
0.211800000000004, 379478.4687595197, 6674435.571304394, -0.37936868055428385, 2.5015881940712217
0.24860000000000507, 379478.9319254172, 6674435.386691675, -0.3793173357422673, 3.0001907461796415
0.2846000000000013, 379479.39727775345, 6674435.201069268, -0.37986659225268826, 3.501198212159421
0.3197999999999974, 379479.86218873964, 6674435.015182284, -0.38094229836473475, 4.001893948564369
0.3543999999999936, 379480.326996993, 6674434.8286247095, -0.3824997878256537, 4.5027437181262995
0.38839999999998986, 379480.78967142524, 6674434.641964777, -0.38450624261003635, 5.001652170763711
0.42219999999998614, 379481.25386945985, 6674434.453482563, -0.38697113293810254, 5.502656649514266
0.45559999999998246, 379481.7152048014, 6674434.264718071, -0.38987842417596025, 6.001116784195324
0.4889999999999788, 379482.17764626944, 6674434.073798935, -0.3932736623435227, 6.501419160933794
0.5223999999999751, 379482.63969087455, 6674433.881067023, -0.3971845328948599, 7.002049889624238
0.5557999999999714, 379483.0998356277, 6674433.686864205, -0.40164799505339566, 7.501497927364933
0.5893999999999677, 379483.5592992452, 6674433.490359989, -0.40674365487058556, 8.001219112366643
0.623399999999964, 379484.0191634485, 6674433.290709047, -0.4125799157341605, 8.502553628795766
0.6575999999999602, 379484.47499210667, 6674433.089427443, -0.4192190450252674, 9.000845672749822
0.6923999999999564, 379484.9302156528, 6674432.884523101, -0.42686724253294983, 9.500060536735482
0.7279999999999525, 379485.3851632437, 6674432.675213719, -0.43575652948256377, 10.000849292806667
0.7643999999999485, 379485.837220761, 6674432.461948149, -0.44613822346383425, 10.500689711560888
0.8019999999999443, 379486.2882088701, 6674432.242911665, -0.4584812949808979, 11.002058282377718
0.84079999999994, 379486.7343254832, 6674432.018738175, -0.4732919025457907, 11.501336097341275
0.8813999999999356, 379487.17765250884, 6674431.78675732, -0.4915623719161895, 12.001696887789333
0.9241999999999309, 379487.6160640097, 6674431.545743704, -0.5147044718043395, 12.502000147701747
0.9697999999999258, 379488.0469809086, 6674431.29375307, -0.5451046989726455, 13.001207301838733
0.0, 379488.31, 6674431.13, -0.5695009350331594, 0.0
0.04759999999999982, 379488.7309139331, 6674430.856344813, -0.5827625594575531, 0.5020551555895187
0.09140000000000056, 379489.14579386445, 6674430.579792195, -0.5927180358232741, 1.00066196999848
0.13280000000000175, 379489.5597184395, 6674430.298527164, -0.6006908827039833, 1.5011066675039793
0.17220000000000288, 379489.9711745146, 6674430.014558978, -0.607296630848347, 2.0010416031965406
0.21000000000000396, 379490.3801322715, 6674429.728619655, -0.6129333613161897, 2.500049020274128
0.24680000000000502, 379490.78996115085, 6674429.43883514, -0.6178979743444816, 3.0019805814158946
0.28240000000000154, 379491.1958780317, 6674429.148961616, -0.6223064309135491, 3.5007747043204467
0.3173999999999977, 379491.6025918699, 6674428.855925588, -0.6263354303329626, 4.002059652670311
0.3515999999999939, 379492.0059947735, 6674428.562904266, -0.630036362729577, 4.500653356529192
0.3853999999999902, 379492.40922258195, 6674428.267797744, -0.6335104039260203, 5.00033403023971
0.4189999999999865, 379492.81330668775, 6674427.969956771, -0.6368214516122594, 5.502323512282206
0.45219999999998284, 379493.2145587774, 6674427.672195521, -0.6399868108209482, 6.001988609556605
0.4851999999999792, 379493.6141732434, 6674427.373714725, -0.6430580688716551, 6.5007698269947705
0.5181999999999756, 379494.013406085, 6674427.073620992, -0.6460820822753596, 7.000212817022894
0.5513999999999719, 379494.4135040364, 6674426.770981778, -0.6491035743391391, 7.501879096078882
0.5845999999999683, 379494.8108675277, 6674426.468519079, -0.6521309214988187, 8.001260332590958
0.6181999999999646, 379495.20903062576, 6674426.1635194, -0.6552287417500988, 8.502816767679187
0.6519999999999608, 379495.6042868641, 6674425.858774973, -0.6584096771851378, 9.001912820287364
0.686399999999957, 379495.9998442178, 6674425.551740246, -0.6617478181434697, 9.502648455575896
0.7211999999999532, 379496.39177774696, 6674425.24536217, -0.6652678246842082, 10.000121743319118
0.7569999999999493, 379496.7849195574, 6674424.935712974, -0.669087978293868, 10.500564959191586
0.7937999999999452, 379497.17687618994, 6674424.624448516, -0.673287893979594, 11.00108062528589
0.831799999999941, 379497.56698364473, 6674424.311816767, -0.6779993770473777, 11.501003518234837
0.8713999999999367, 379497.9558140451, 6674423.996969223, -0.6834333768587157, 12.00132208790036
0.9129999999999321, 379498.34266330075, 6674423.679918148, -0.6898975732017485, 12.501496657849104
0.9571999999999272, 379498.72686845134, 6674423.360394893, -0.6979066536514444, 13.001206612633402
0.0, 379499.07, 6674423.07, -0.7072074127349153, 0.0
0.04619999999999983, 379499.45123582205, 6674422.746148751, -0.7014304577550213, 0.5002210280582515
0.0892000000000005, 379499.8353497572, 6674422.423230096, -0.6968475381614586, 1.0020381389981659
0.12960000000000166, 379500.21963332343, 6674422.102894583, -0.6930343268365632, 1.50232705840996
0.16800000000000276, 379500.6039374443, 6674421.784842106, -0.6897314236643873, 2.001172988020758
0.20500000000000382, 379500.990065621, 6674421.467307065, -0.6867667186275205, 2.5010966361071194
0.24080000000000484, 379501.3769180363, 6674421.151010826, -0.6840465948500639, 3.0007948005490817
0.27580000000000227, 379501.76629626885, 6674420.834357542, -0.6814871617264215, 3.502676109028293
0.3097999999999985, 379502.15381345927, 6674420.520815994, -0.6790634167611236, 4.001151782428605
0.3433999999999948, 379502.54449783947, 6674420.206253555, -0.6767022109204989, 4.502733211290952
0.3763999999999912, 379502.9345023229, 6674419.893735115, -0.6743933007715284, 5.00250454190629
0.4089999999999876, 379503.3247747437, 6674419.582471955, -0.6721017820844882, 5.501701323421497
0.441399999999984, 379503.71647115017, 6674419.271542563, -0.6697946818943763, 6.001804585010808
0.4735999999999805, 379504.1084425406, 6674418.961875772, -0.6674538355605414, 6.5013395750201814
0.5057999999999769, 379504.5020277105, 6674418.652447568, -0.6650461494706892, 7.001994366625958
0.5379999999999734, 379504.8961581258, 6674418.344149373, -0.6625517204506565, 7.50238090871846
0.5701999999999698, 379505.28976525227, 6674418.037872606, -0.6599491526112993, 8.001111465342728
0.6027999999999663, 379505.6866357937, 6674417.73076227, -0.6571800432573207, 8.502931299335852
0.6353999999999627, 379506.0807658661, 6674417.4275626615, -0.6542486539307952, 9.000192491988873
0.668599999999959, 379506.4781866317, 6674417.123758627, -0.6510642075774256, 9.50043280181881
0.7023999999999553, 379506.8774781054, 6674416.820626138, -0.6475763393887823, 10.001754297171344
0.7367999999999515, 379507.277085921, 6674416.519554913, -0.643722486767771, 10.502084786212848
0.7719999999999476, 379507.6775642783, 6674416.220381045, -0.6393979685253103, 11.001973080943674
0.8081999999999436, 379508.0790752155, 6674415.9233133355, -0.6344640113569442, 11.501433551989486
0.8457999999999395, 379508.48339492455, 6674415.62748863, -0.6286987126574283, 12.00241995690328
0.8847999999999352, 379508.8872781701, 6674415.335855646, -0.6218584029312666, 12.500589044041535
0.9259999999999307, 379509.29473442165, 6674415.046322957, -0.6134159850968751, 13.00044027780714
0.9699999999999258, 379509.7056035357, 6674414.760232566, -0.6025763270791836, 13.501103425336945
0.0, 379509.97, 6674414.58, -0.5937610116784399, 0.0
0.04479999999999984, 379510.38411809993, 6674414.299744674, -0.5960109002670654, 0.5000369521790581
0.08660000000000043, 379510.79922624823, 6674414.017661359, -0.5976322182056422, 1.0019192355061437
0.12580000000000155, 379511.21139864007, 6674413.736729958, -0.5988344647274881, 1.5007263751955635
0.16340000000000263, 379511.62558044295, 6674413.453788556, -0.5997574158539403, 2.0023262362458287
0.19940000000000366, 379512.03769019793, 6674413.171772151, -0.6004667660808841, 2.5016935491813728
0.23420000000000465, 379512.4489816868, 6674412.88993789, -0.6010146693068625, 3.000282804949645
0.2682000000000031, 379512.8616665501, 6674412.606856158, -0.6014358846944404, 3.5007266748966996
0.30139999999999945, 379513.2736726968, 6674412.324018091, -0.6017501388419981, 4.000473049696732
0.33399999999999586, 379513.6856792082, 6674412.041017373, -0.6019737744748067, 4.50031179649675
0.3661999999999923, 379514.0986917232, 6674411.757214268, -0.602118004412934, 5.001434077571246
0.3979999999999888, 379514.51134948817, 6674411.473589634, -0.6021897948331871, 5.502162910570263
0.42939999999998535, 379514.92237922805, 6674411.191061046, -0.6021944558367809, 6.0009292385182285
0.4607999999999819, 379515.33587092016, 6674410.906857003, -0.602134785211839, 6.502673513320794
0.49199999999997845, 379515.74810630106, 6674410.623571805, -0.6020121896349688, 7.002861991204489
0.522999999999975, 379516.15801587654, 6674410.3419776205, -0.6018273073335859, 7.500175921600197
0.5543999999999716, 379516.5724765087, 6674410.057390317, -0.6015743607615689, 8.002935854438688
0.5855999999999681, 379516.9825049443, 6674409.776018826, -0.6012549315639673, 8.500221724035192
0.6171999999999647, 379517.39488863916, 6674409.493247798, -0.6008583780809791, 9.000241493295444
0.6491999999999611, 379517.8084016186, 6674409.20996881, -0.6003765950291118, 9.501479933497889
0.6815999999999576, 379518.22173181403, 6674408.927135815, -0.5997994057284086, 10.002315595660955
0.714399999999954, 379518.63347839966, 6674408.645767065, -0.5991140235316377, 10.501017544788397
0.7479999999999503, 379519.0470180167, 6674408.363628209, -0.5982937851148672, 11.001634527153438
0.7823999999999465, 379519.4603915429, 6674408.082146164, -0.5973129161022832, 11.501744348715674
0.8177999999999426, 379519.87372904434, 6674407.80134008, -0.5961306225514624, 12.001444234722724
0.8543999999999385, 379520.2866034611, 6674407.521635757, -0.5946899164686879, 12.500142375168876
0.8927999999999343, 379520.7021264039, 6674407.241112945, -0.5928888724714148, 13.001492983023253
0.9331999999999299, 379521.11765028554, 6674406.961817522, -0.5905940864290016, 13.502158679159292
0.9761999999999251, 379521.53301308776, 6674406.684216382, -0.5875666020595206, 14.001747350173545
0.0, 379521.75, 6674406.54, -0.5855579641653879, 0.0
0.043799999999999846, 379522.16763090703, 6674406.261731078, -0.5897237077578794, 0.5018461221894757
0.08440000000000036, 379522.5824069195, 6674405.983208665, -0.5928229496699153, 1.001460047615115
0.12280000000000146, 379522.9969868425, 6674405.703167312, -0.5952458299590315, 1.5017597518414687
0.1594000000000025, 379523.41041482415, 6674405.422594512, -0.5971934747961175, 2.00140349582536
0.19460000000000352, 379523.8232119485, 6674405.14138327, -0.598796475814031, 2.5008845083866738
0.2288000000000045, 379524.2370514563, 6674404.858570826, -0.6001429528924002, 3.002129013956372
0.2620000000000038, 379524.6494702917, 6674404.575979391, -0.6012812146883705, 3.5020762531294163
0.2944000000000002, 379525.06083986815, 6674404.293470258, -0.6022535078890844, 4.001111681132782
0.3261999999999967, 379525.47195214836, 6674404.010591257, -0.6030910279397269, 4.5001445963116815
0.35759999999999326, 379525.8839250219, 6674403.726646208, -0.6038170166222752, 5.000490926843548
0.38859999999998984, 379526.2954507596, 6674403.442598921, -0.6044450094770897, 5.500527227732361
0.41939999999998645, 379526.7079954386, 6674403.157491711, -0.6049892440849223, 6.0020042857724745
0.4497999999999831, 379527.11775799433, 6674402.874001978, -0.6054544107835631, 6.500273073953555
0.48019999999997975, 379527.5290770909, 6674402.589173002, -0.6058526529779357, 7.000583925292121
0.5105999999999764, 379527.94095487986, 6674402.303733932, -0.6061874865722334, 7.501701454661403
0.5409999999999731, 379528.3523935126, 6674402.0184139125, -0.6064614653368302, 8.002390243766135
0.5713999999999697, 379528.76239514054, 6674401.733942088, -0.6066762452702406, 8.501414847313697
0.6019999999999663, 379529.1726330038, 6674401.449193294, -0.6068334526931759, 9.00079143908172
0.6329999999999629, 379529.5846756382, 6674401.163113512, -0.6069322852033961, 9.502409595115905
0.6641999999999595, 379529.9946948963, 6674400.878397137, -0.6069692804656698, 10.001588126635646
0.695999999999956, 379530.4066512408, 6674400.592332896, -0.6069402672855035, 10.503126539737897
0.7281999999999524, 379530.8165097557, 6674400.307764697, -0.6068386195594198, 11.002088524574818
0.7611999999999488, 379531.2277152219, 6674400.022348036, -0.6066534589991522, 11.502640825964075
0.7949999999999451, 379531.63829396, 6674399.737507822, -0.6063706995832803, 12.002349590572589
0.8297999999999413, 379532.04838144477, 6674399.45321489, -0.6059692559891976, 12.501342796424778
0.8659999999999373, 379532.45976526104, 6674399.168312168, -0.60541517213824, 13.001748843571292
0.9037999999999331, 379532.87098621135, 6674398.883917026, -0.604660870728586, 13.501732121618797
0.9435999999999287, 379533.2816283759, 6674398.600458925, -0.6036290791047538, 14.000706574533854
0.986199999999924, 379533.6932755147, 6674398.317051351, -0.6021795145667439, 14.500479786352418
0.0, 379533.82, 6674398.23, -0.6016149928472834, 0.0
0.05639999999999977, 379534.23285722214, 6674397.946023305, -0.6032453128102081, 0.501092710684306
0.10800000000000104, 379534.6447185085, 6674397.661994478, -0.6041142124044749, 1.0013947290725524
0.15620000000000242, 379535.05552732764, 6674397.37831478, -0.6045206448082304, 1.5006322078011987
0.20200000000000373, 379535.46640395484, 6674397.094442552, -0.6046114481342348, 2.0000348958831786
0.246200000000005, 379535.8794139444, 6674396.809116715, -0.6044632790099761, 2.5020190444231027
0.28880000000000083, 379536.2905903033, 6674396.525208072, -0.6041218309396811, 3.001689053588586
0.33039999999999625, 379536.7025143322, 6674396.24104324, -0.6036108899865507, 3.5021199306988735
0.3709999999999918, 379537.1125690561, 6674395.958523729, -0.6029471346966119, 4.000077920671053
0.41119999999998735, 379537.5246112687, 6674395.675084995, -0.6021284087358952, 4.500194221904227
0.45099999999998297, 379537.93673244584, 6674395.392135447, -0.6011546098245976, 5.0000985439710535
0.4905999999999786, 379538.3492156325, 6674395.109577345, -0.6000157858175632, 5.500080030995818
0.5301999999999742, 379538.7624446697, 6674394.827253441, -0.5986946902107007, 6.000544874947169
0.5699999999999699, 379539.1768184852, 6674394.545011225, -0.5971657791510792, 6.501909389575091
0.6099999999999655, 379539.5906062537, 6674394.26416222, -0.5954028227775043, 7.002005926031652
0.650399999999961, 379540.0040581357, 6674393.984685902, -0.5933613130357596, 7.501054578717219
0.6915999999999565, 379540.41922545823, 6674393.705385362, -0.5909682559980466, 8.001427256442819
0.7335999999999518, 379540.8337822201, 6674393.428056934, -0.5881494680587939, 8.500194266440316
0.7769999999999471, 379541.2508460678, 6674393.150914876, -0.5847552867882809, 9.000943918331439
0.8219999999999421, 379541.66880868416, 6674392.875431461, -0.5806028942723175, 9.501527797236891
0.8689999999999369, 379542.08697443263, 6674392.602592858, -0.5753983339529977, 10.000831370601835
0.9189999999999314, 379542.5081217133, 6674392.331367449, -0.5685884193132115, 10.50175972976075
0.9727999999999255, 379542.93018290953, 6674392.064286422, -0.5592443112969073, 11.001229183195504
0.0, 379543.13, 6674391.94, -0.5534439056281052, 0.0
0.032399999999999915, 379543.55655603996, 6674391.676450763, -0.5534439056666098, 0.501406278193373
0.06299999999999975, 379543.9824501985, 6674391.413310473, -0.5534439057668199, 1.002034530018737
0.09220000000000059, 379544.4083546024, 6674391.150163851, -0.5534439057241624, 1.5026748260325913
0.12020000000000139, 379544.83344140975, 6674390.887522385, -0.5534439056743181, 2.00235405620695
0.14720000000000216, 379545.257753427, 6674390.625359626, -0.553443905710416, 2.5011225402586597
0.17360000000000292, 379545.68533698306, 6674390.361175535, -0.553443905686974, 3.0037366377214165
0.19900000000000365, 379546.1076956541, 6674390.100219659, -0.5534439056620325, 3.5002090101270777
0.22400000000000436, 379546.53308661026, 6674389.837390273, -0.5534439057548316, 4.000245760351212
0.24860000000000507, 379546.96027021715, 6674389.573453293, -0.5534439057731987, 4.502389727008886
0.2726000000000026, 379547.3845244341, 6674389.311326245, -0.5534439057795889, 5.001090268487538
0.2964, 379547.81184755126, 6674389.047303068, -0.553443905820161, 5.503398225947274
0.3197999999999974, 379548.2377316179, 6674388.784169012, -0.5534439058015581, 6.004014616003912
0.3427999999999949, 379548.66124728764, 6674388.52249828, -0.5534439057232268, 6.501847011990059
0.3655999999999924, 379549.0852714724, 6674388.260513358, -0.5534439057544497, 7.0002771561537385
0.38839999999998986, 379549.51286186406, 6674387.996325044, -0.5534439057900155, 7.502899288789902
0.4107999999999874, 379549.93583786936, 6674387.734987745, -0.5534439058417192, 8.00009732263017
0.4333999999999849, 379550.3649039418, 6674387.469887676, -0.5534439058303542, 8.50445408256772
0.45559999999998246, 379550.78806979954, 6674387.208433076, -0.55344390583296, 9.001875283327532
0.47779999999998, 379551.2123525887, 6674386.946288375, -0.5534439058323382, 9.500609410145591
0.5001999999999776, 379551.6410220808, 6674386.681433334, -0.5534439058805012, 10.004499999725581
0.5223999999999751, 379552.06586079736, 6674386.418945151, -0.5534439058381065, 10.503887605820118
0.5445999999999727, 379552.4901360171, 6674386.156805128, -0.553443905939066, 11.002612834789312
0.5667999999999702, 379552.9132892741, 6674385.895358313, -0.5534439059012474, 11.500019223945001
0.5893999999999677, 379553.34233735077, 6674385.6302693635, -0.5534439059065864, 12.004354829639434
0.6117999999999653, 379553.7652903744, 6674385.368946264, -0.553443905908484, 12.501525849280823
0.6345999999999627, 379554.1928521136, 6674385.10477565, -0.553443905962791, 13.004114302886107
0.6573999999999602, 379554.61684233916, 6674384.842811712, -0.5534439058775962, 13.502504527863
0.6803999999999577, 379555.0403183749, 6674384.581165468, -0.553443905987085, 14.000290334895507
0.7037999999999551, 379555.4661565763, 6674384.318059751, -0.5534439059368221, 14.500852810882295
0.7275999999999525, 379555.89342731005, 6674384.054068938, -0.5534439060140492, 15.003099193880201
0.7515999999999499, 379556.31762284786, 6674383.791978146, -0.5534439059177007, 15.501730758786927
0.7761999999999472, 379556.74474020593, 6674383.528082097, -0.5534439059363708, 16.00379685229428
0.8011999999999444, 379557.1700575068, 6674383.26529822, -0.5534439060943879, 16.503747022060036
0.8265999999999416, 379557.59233480983, 6674383.004392616, -0.5534439060948299, 17.00012374871865
0.8529999999999387, 379558.01982681395, 6674382.74026509, -0.5534439061127118, 17.50263023007623
0.8799999999999357, 379558.4440378393, 6674382.47816473, -0.5534439060622577, 18.001279999885814
0.9079999999999326, 379558.86901205353, 6674382.2155928295, -0.5534439061115848, 18.500826880075714
0.9371999999999294, 379559.29479051364, 6674381.952524025, -0.5534439061126514, 19.001319130766113
0.967799999999926, 379559.72054334957, 6674381.68947105, -0.5534439062539441, 19.50178126206914
